"first_name","last_name","title"
"Penelope","Guiness","Academy Dinosaur"
"Penelope","Guiness","Anaconda Confessions"
"Penelope","Guiness","Angels Life"
"Penelope","Guiness","Bulworth Commandments"
"Penelope","Guiness","Cheaper Clyde"
"Penelope","Guiness","Color Philadelphia"
"Penelope","Guiness","Elephant Trojan"
"Penelope","Guiness","Gleaming Jawbreaker"
"Penelope","Guiness","Human Graffiti"
"Penelope","Guiness","King Evolution"
"Penelope","Guiness","Lady Stage"
"Penelope","Guiness","Language Cowboy"
"Penelope","Guiness","Mulholland Beast"
"Penelope","Guiness","Oklahoma Jumanji"
"Penelope","Guiness","Rules Human"
"Penelope","Guiness","Splash Gump"
"Penelope","Guiness","Vertigo Northwest"
"Penelope","Guiness","Westward Seabiscuit"
"Penelope","Guiness","Wizard Coldblooded"
